{"cameraMode":{"drawMode":0,"name":"Shaded","section":"Shading Mode"},"sceneLighting":true,"audioPlay":false,"sceneViewState":{"m_AlwaysRefresh":false,"showFog":true,"showSkybox":true,"showFlares":true,"showImageEffects":true,"showParticleSystems":true,"showVisualEffectGraphs":true,"m_FxEnabled":true},"in2DMode":false,"pivot":{"x":951.5156860351563,"y":317.12225341796877,"z":40.0819091796875},"rotation":{"x":0.030285116285085679,"y":0.035969872027635577,"z":-0.0010952308075502515,"w":0.9989071488380432},"size":476.1377868652344,"orthographic":false}