{"cameraMode":{"drawMode":0,"name":"Shaded","section":"Shading Mode"},"sceneLighting":true,"audioPlay":false,"sceneViewState":{"m_AlwaysRefresh":false,"showFog":true,"showSkybox":true,"showFlares":true,"showImageEffects":true,"showParticleSystems":true,"showVisualEffectGraphs":true,"m_FxEnabled":true},"in2DMode":false,"pivot":{"x":3.725290298461914e-8,"y":-3.725290298461914e-8,"z":0.2954942286014557},"rotation":{"x":0.45199012756347659,"y":0.30966055393218996,"z":-0.17087991535663606,"w":0.8189374208450317},"size":5.348736763000488,"orthographic":false}