{"cameraMode":{"drawMode":0,"name":"Shaded","section":"Shading Mode"},"sceneLighting":false,"audioPlay":false,"sceneViewState":{"m_AlwaysRefresh":false,"showFog":true,"showSkybox":false,"showFlares":true,"showImageEffects":true,"showParticleSystems":true,"showVisualEffectGraphs":true,"m_FxEnabled":true},"in2DMode":false,"pivot":{"x":-2.4032750129699709,"y":0.026630401611328126,"z":9.625469207763672},"rotation":{"x":-0.1392790824174881,"y":0.42390498518943789,"z":-0.06616910547018051,"w":-0.8925204873085022},"size":14.163141250610352,"orthographic":false}