{"cameraMode":{"drawMode":0,"name":"Shaded","section":"Shading Mode"},"sceneLighting":false,"audioPlay":false,"sceneViewState":{"m_AlwaysRefresh":false,"showFog":true,"showSkybox":false,"showFlares":true,"showImageEffects":true,"showParticleSystems":true,"showVisualEffectGraphs":true,"m_FxEnabled":true},"in2DMode":false,"pivot":{"x":-0.1323564052581787,"y":0.20878946781158448,"z":-0.16657662391662599},"rotation":{"x":-0.18641427159309388,"y":0.0550820492208004,"z":-0.01046794094145298,"w":-0.9808724522590637},"size":2.857679605484009,"orthographic":false}