{"cameraMode":{"drawMode":0,"name":"Shaded","section":"Shading Mode"},"sceneLighting":false,"audioPlay":false,"sceneViewState":{"m_AlwaysRefresh":false,"showFog":true,"showSkybox":false,"showFlares":true,"showImageEffects":true,"showParticleSystems":true,"showVisualEffectGraphs":true,"m_FxEnabled":true},"in2DMode":false,"pivot":{"x":-0.22769096493721009,"y":0.1821727156639099,"z":0.6746240854263306},"rotation":{"x":0.11654462665319443,"y":0.8699206709861755,"z":-0.4109252691268921,"w":0.2466588169336319},"size":0.23446841537952424,"orthographic":false}