{"cameraMode":{"drawMode":0,"name":"Shaded","section":"Shading Mode"},"sceneLighting":true,"audioPlay":false,"sceneViewState":{"m_AlwaysRefresh":false,"showFog":true,"showSkybox":true,"showFlares":true,"showImageEffects":true,"showParticleSystems":true,"showVisualEffectGraphs":true,"m_FxEnabled":true},"in2DMode":false,"pivot":{"x":52.713951110839847,"y":-42.43302917480469,"z":15.001235961914063},"rotation":{"x":0.057573266327381137,"y":0.9379643201828003,"z":-0.2843085527420044,"w":0.18994036316871644},"size":125.34231567382813,"orthographic":false}