{"cameraMode":{"drawMode":0,"name":"Shaded","section":"Shading Mode"},"sceneLighting":false,"audioPlay":false,"sceneViewState":{"m_AlwaysRefresh":false,"showFog":true,"showSkybox":false,"showFlares":true,"showImageEffects":true,"showParticleSystems":true,"showVisualEffectGraphs":true,"m_FxEnabled":true},"in2DMode":false,"pivot":{"x":0.01608365774154663,"y":-0.04350024461746216,"z":0.4074285626411438},"rotation":{"x":-0.41508421301841738,"y":-0.5395404696464539,"z":0.34721505641937258,"w":-0.6450281739234924},"size":0.18309123814105988,"orthographic":false}